tVal2,tVal3,tVal4,tVal5,tVal6,tVal7,ax,ay,az,gx,gy,gz
1,1,1,1,1,0,-0.04,-0.47,0.65,1850.15,3926.75,733.58,0
1,1,1,1,1,0,0.41,-0.31,0.70,-3159.70,1768.17,1580.49,0
1,1,1,1,1,0,0.52,-0.15,0.72,-3688.65,1469.91,1286.89,0
1,1,1,1,1,0,0.53,0.25,0.81,-2922.24,-1575.40,904.32,0
1,1,1,1,1,0,0.33,0.48,0.83,-1955.43,-2558.94,596.95,0
1,1,1,1,1,0,0.07,0.37,0.82,794.16,-2147.56,349.52,0
1,1,1,1,1,0,0.00,0.33,0.96,3848.37,-1691.70,152.31,0
1,1,1,1,1,0,-0.06,0.07,0.97,4279.45,-731.67,75.20,0
1,1,1,1,1,0,-0.14,-0.23,0.88,3690.56,1174.19,274.75,0
1,1,1,1,1,0,0.05,-0.36,0.57,108.25,1585.15,584.87,0
1,1,1,1,1,0,0.13,-0.25,0.82,-2544.96,-566.87,198.91,0
1,1,1,1,1,0,-0.01,-0.12,1.08,-1778.97,1982.76,555.85,0
1,1,1,1,1,0,0.20,0.02,1.06,-599.70,4010.00,362.87,0
1,1,1,1,1,0,0.44,0.05,0.52,155.06,2711.68,99.35,0
1,1,1,1,1,0,0.74,0.03,0.54,-162.48,-150.40,-281.74,0
1,1,1,1,1,0,0.41,0.09,0.50,-194.46,-3088.95,240.85,0
1,1,1,1,1,0,0.32,0.21,0.82,-3031.54,-799.88,442.10,0
1,1,1,1,1,0,0.31,0.48,0.76,-3584.43,-779.76,395.92,0
1,1,1,1,1,0,0.25,0.53,0.92,1816.05,26.48,-358.21,0
1,1,1,1,1,0,0.23,0.28,0.74,4605.89,-801.36,-575.55,0
1,1,1,1,1,0,0.18,0.07,0.91,2099.27,-304.62,49.15,0
1,1,1,1,1,0,0.18,-0.07,1.04,4029.49,428.96,-325.16,6
1,1,1,1,1,0,0.21,-0.38,0.66,5640.90,-98.50,-648.42,0
1,1,0,1,1,1,0.13,-0.52,0.43,-845.21,-204.84,247.21,0
1,1,1,1,1,0,0.19,-0.37,0.78,-4785.10,-1243.04,488.49,0
1,1,1,1,1,0,0.13,-0.12,0.98,-1057.47,-86.85,27.33,6
1,1,1,1,1,0,0.11,0.01,1.05,-2613.60,718.11,250.60,0
1,1,1,1,1,0,0.20,0.12,0.89,-1010.44,5750.84,-392.95,0
1,1,1,1,1,1,0.82,0.05,0.64,571.53,-1014.68,-630.20,0
1,1,1,1,1,0,0.38,0.10,0.73,606.69,-3474.06,38.55,0
1,1,1,1,1,0,0.16,0.04,0.97,1667.13,-283.64,-349.10,0
1,1,1,1,1,0,0.22,-0.02,0.82,1230.75,3933.74,126.25,0
1,1,1,1,0,1,0.70,-0.03,0.37,-470.27,-338.93,1128.01,5
1,1,1,1,1,0,0.43,0.08,0.74,-341.47,-3895.61,-168.83,0
1,1,1,1,1,0,0.18,-0.03,0.99,-183.02,-153.58,-123.50,0
1,1,1,1,1,0,0.21,0.04,0.86,-1347.05,928.04,410.11,0
1,1,1,1,1,0,0.30,0.29,0.70,-3142.54,-722.56,1224.82,0
1,1,1,1,1,0,0.33,0.55,1.00,549.28,-778.27,-109.94,0
1,1,1,1,1,0,0.20,0.16,0.78,4390.24,-922.32,-159.72,0
1,1,1,1,1,0,0.20,0.03,0.89,2235.90,170.95,-581.48,0
1,1,1,1,1,0,0.18,-0.19,0.89,3731.65,137.90,-1232.87,0
1,1,1,1,1,0,0.12,-0.46,0.66,3431.27,657.11,-738.24,0
1,1,0,1,1,0,0.05,-0.51,0.58,-3362.00,266.49,1656.96,0
1,1,1,1,1,0,0.40,0.03,1.10,-5206.22,1647.43,1381.58,0
1,1,1,1,1,0,0.46,0.14,0.76,-241.07,-778.91,-77.32,0
1,1,1,1,1,0,0.26,0.10,0.72,838.65,-3417.50,-91.51,0
1,1,1,1,1,0,-0.09,-0.01,1.07,1061.50,-2439.05,-239.80,0
1,1,1,1,1,0,-0.10,-0.03,0.85,-329.82,97.87,-32.62,0
1,1,1,1,1,0,-0.02,0.15,0.79,-4267.59,991.59,526.62,0
1,1,1,1,1,0,0.07,0.41,0.74,-4971.51,1454.02,136.21,0
1,0,1,1,1,0,0.10,0.68,0.93,992.86,-294.66,-239.37,0
1,1,1,1,1,0,0.05,0.47,0.77,4978.71,-221.58,-523.86,0
1,1,1,1,1,0,0.06,0.19,0.98,3907.90,479.59,-516.87,0
1,1,1,1,1,0,0.10,-0.13,1.04,5636.67,43.21,-260.55,6
1,1,1,1,1,0,0.13,-0.37,0.69,5877.52,788.87,-117.36,0
1,1,0,1,1,0,0.03,-0.62,0.37,-940.75,-74.99,494.42,0
1,1,1,1,1,0,0.18,-0.35,0.67,-4868.98,425.36,1262.74,0
1,1,1,1,1,0,0.31,-0.18,1.04,-3082.59,-1211.90,178.15,0
1,1,1,1,1,0,0.11,-0.05,0.91,-988.84,-3244.22,-403.54,6
1,1,1,1,1,0,-0.22,-0.02,0.93,301.86,-3707.29,-422.82,0
1,1,1,0,1,0,-0.64,-0.02,1.02,196.37,-148.92,40.46,0
1,1,1,1,1,0,-0.30,0.03,0.83,-65.88,2885.17,-15.46,0
1,1,1,1,1,0,0.06,0.07,0.52,-200.39,2214.93,185.99,0
1,1,1,1,1,0,0.05,0.13,0.76,-2324.02,137.27,-207.17,0
1,1,1,1,1,0,0.06,0.35,0.73,-5167.88,226.87,-273.26,0
1,1,1,1,1,0,-0.01,0.54,0.89,-898.81,-1066.37,-82.40,0
1,1,1,1,1,0,0.01,0.48,0.65,4361.43,277.93,92.57,0
1,1,1,1,1,0,0.11,0.32,0.84,3812.15,406.30,167.98,0
1,1,1,1,1,0,0.04,0.17,1.06,1321.63,1172.71,-189.59,0
1,1,1,1,1,0,0.10,0.05,1.07,-31.99,4695.92,-208.66,0
1,1,1,1,1,1,0.39,0.11,0.66,717.27,3739.28,-197.00,0
1,1,1,1,0,1,0.94,-0.03,0.58,313.30,-457.98,16.10,0
1,1,1,1,1,1,0.33,0.08,0.66,-1284.13,-2925.63,1285.19,0
1,1,1,1,1,0,0.33,0.28,0.87,-3456.69,-1108.10,1186.48,0
1,1,1,1,1,0,0.21,0.52,0.62,-3372.81,-619.61,482.13,0
1,1,1,1,1,0,0.38,0.68,0.76,-623.42,-385.75,149.13,0
1,1,1,1,1,0,0.25,0.60,0.67,3237.23,-220.94,-671.93,0
1,1,1,1,1,0,0.33,0.38,0.75,3293.16,-93.63,-904.53,0
1,1,1,1,1,0,0.29,0.24,0.85,2539.45,-734.21,-626.39,0
1,1,1,1,1,0,0.26,-0.07,0.90,5775.42,-512.64,-1170.59,0
1,1,1,1,1,0,0.24,-0.43,0.72,6044.45,-563.26,-395.28,0
1,1,0,1,1,1,0.16,-0.67,0.39,-92.36,-177.30,308.01,0
1,1,0,1,1,0,0.16,-0.48,0.58,-4072.07,-739.09,179.85,0
1,1,1,1,1,0,0.14,-0.38,1.14,-1497.66,246.79,-614.10,0
1,1,1,1,1,0,0.06,-0.29,1.09,1483.04,2716.34,-778.49,0
1,1,1,1,1,0,0.35,-0.31,0.59,765.35,2711.04,281.95,0
1,1,1,1,0,1,0.72,-0.36,0.17,-657.53,-1373.10,623.42,5
1,1,1,1,1,0,0.29,-0.19,0.88,-1743.81,-4485.57,170.10,0
1,1,1,1,1,0,-0.04,-0.19,0.94,-370.71,-503.10,-718.54,0
1,1,1,1,1,0,0.02,-0.01,0.63,-4344.27,-1988.27,1822.82,6
1,1,1,1,1,0,-0.17,0.50,1.25,-4587.46,-5126.57,1286.46,0
1,0,1,0,1,0,-0.38,0.45,0.82,847.76,656.05,-435.53,0
1,1,1,1,1,0,-0.11,0.31,0.94,3445.46,3951.11,-1088.61,0
1,1,1,1,1,0,0.04,0.07,0.65,1769.02,1565.66,-703.92,0
1,1,1,1,1,0,0.04,-0.07,0.67,3308.62,-3332.13,-626.18,6
1,1,1,1,1,0,-0.16,-0.28,1.02,4230.52,-4264.62,203.15,0
1,1,1,0,1,0,-0.40,-0.40,0.72,416.68,1739.79,-243.18,0
1,1,1,1,1,0,-0.23,-0.35,0.72,-1956.91,3525.33,513.48,0
1,1,1,1,1,0,0.02,-0.25,0.98,-1562.48,2295.21,958.76,0
1,1,1,1,1,0,0.08,-0.12,1.05,-1453.17,4212.94,593.98,6
1,1,1,1,1,1,0.46,0.01,0.55,-1934.67,6422.78,934.40,0
1,1,1,1,0,1,0.81,0.15,0.53,-287.67,-1755.46,691.21,0
1,1,1,1,1,0,0.63,0.30,0.61,1757.16,-1272.48,-903.47,0
1,1,1,1,1,0,0.55,0.02,0.96,2513.82,-468.15,-2089.31,0
1,1,1,1,1,0,0.51,-0.25,0.76,2463.62,440.40,-1357.85,0
1,1,1,1,0,1,0.59,-0.43,0.52,820.01,1154.49,141.50,0
1,1,1,1,0,1,0.67,-0.48,0.44,-933.55,-894.78,852.84,0
1,1,1,1,1,0,0.46,-0.17,0.81,-2809.97,-1694.45,1184.99,0
1,1,1,1,1,0,0.46,-0.13,0.87,-1721.14,46.60,929.31,0
1,1,1,1,1,0,0.48,0.22,0.90,-2797.26,2728.41,1335.18,0
1,1,1,1,1,1,0.77,0.38,0.52,-900.50,567.08,174.55,0
1,1,1,1,1,0,0.79,0.40,0.56,1201.31,-333.43,455.65,0
1,1,1,1,1,0,0.66,0.25,0.74,2774.17,-457.56,-915.12,0
1,1,1,1,1,0,0.58,0.10,0.74,3731.23,-1408.69,-2231.03,0
1,1,1,1,1,0,0.55,-0.36,0.68,5274.01,-1006.42,-1918.57,0
1,1,0,1,0,1,0.42,-0.61,0.44,365.41,1.27,-105.49,0
1,1,0,1,0,1,0.37,-0.45,0.56,-2876.06,-680.20,954.73,0
1,1,1,1,1,0,0.44,-0.21,0.87,-2651.94,-901.14,768.74,0
1,1,1,1,1,0,0.48,0.03,0.75,-4311.02,-759.63,661.98,0

1,1,1,1,1,0,0.36,0.30,0.68,-5458.73,641.43,1086.07,0
1,1,1,1,1,0,0.39,0.72,0.78,-1438.77,-1124.41,423.24,0
1,1,1,1,1,0,0.38,0.62,0.71,3618.11,-211.62,-589.96,0
1,1,1,1,1,0,0.31,0.27,0.82,4146.42,-444.85,-54.65,0
1,1,1,1,1,0,0.20,0.09,0.99,1620.73,2159.00,-225.81,0
1,1,1,1,1,0,0.43,0.11,0.94,194.25,5389.67,-111.64,0
1,1,1,1,0,1,0.93,0.06,0.23,615.38,1307.86,302.92,5
1,1,1,1,0,1,0.82,0.04,0.30,412.65,-3066.28,-523.44,5
1,1,1,1,1,0,0.47,-0.09,1.01,2260.05,-3112.25,-2013.26,0
1,1,1,1,1,0,0.33,-0.31,0.88,3642.26,-1508.04,-1806.30,0
1,1,1,1,1,1,0.17,-0.56,0.66,2713.58,-245.94,-1096.24,0
1,1,0,1,1,1,0.26,-0.58,0.64,-1496.81,-897.75,504.80,0
1,1,1,1,1,0,0.22,-0.48,0.81,-755.40,-1174.40,132.18,0
1,1,1,1,1,0,0.15,-0.51,0.72,-311.39,-1825.15,163.11,0
1,1,1,1,1,0,-0.06,-0.27,0.82,-2523.78,-2994.47,852.20,0
1,1,1,1,1,0,-0.14,-0.19,0.97,-2972.87,-1234.56,19.91,0
1,1,1,1,1,0,-0.23,0.03,0.90,-2913.13,-37.71,253.78,0
1,1,1,1,1,0,-0.07,0.35,0.82,-2971.59,1468.00,229.84,0
1,1,1,1,1,0,-0.08,0.42,0.83,-1727.08,1914.97,-270.09,0
1,1,1,1,1,1,0.26,0.50,0.46,-1103.44,807.30,504.16,0
1,1,1,1,1,0,-0.05,0.55,0.75,2637.32,-2748.96,692.91,0
1,1,1,1,1,0,-0.18,0.36,0.89,4294.28,-853.05,-28.60,0
1,1,1,1,1,0,-0.15,0.01,1.01,4243.44,176.25,-128.16,0
1,1,1,1,1,0,-0.12,-0.24,0.87,3675.52,2475.06,-785.48,0
1,1,1,1,1,0,0.06,-0.51,0.71,2240.77,3145.51,-198.49,0
1,1,0,1,1,0,0.29,-0.46,0.69,-28.60,2798.74,632.11,0
1,1,1,1,1,0,0.50,-0.39,0.71,-1006.00,2303.68,948.16,0
1,1,1,1,0,0,0.66,-0.31,0.57,-1538.54,2214.93,1506.77,0
1,1,1,1,0,0,0.76,-0.09,0.54,-1465.25,1178.22,1466.31,0
1,1,1,1,0,0,0.76,0.01,0.57,-1747.20,71.18,960.87,0
1,1,1,1,0,0,0.73,0.13,0.53,-2308.77,-967.65,1793.17,0
1,1,1,1,1,0,0.70,0.37,0.61,-2335.67,-1737.67,1625.40,0
1,1,1,1,1,0,0.54,0.44,0.69,-1152.37,-1931.07,1295.57,0
1,1,1,1,1,0,0.43,0.60,0.65,-123.92,-2360.24,1242.61,0
1,1,1,1,1,0,0.25,0.62,0.68,1368.87,-2127.02,531.70,0
1,1,1,1,1,0,0.05,0.49,0.71,3415.17,-1215.07,-491.45,0
1,1,1,1,1,0,-0.01,0.21,0.90,3630.61,-701.80,-617.28,0
1,1,1,1,1,0,0.04,0.06,1.09,5731.57,552.25,-1242.19,0
1,1,1,1,1,0,0.12,-0.55,0.66,5202.83,1123.35,-1273.75,0
1,1,0,1,1,1,0.03,-0.67,0.49,-55.50,-83.46,522.59,0
1,1,0,1,1,0,0.13,-0.52,0.69,-2934.52,-1066.79,593.77,0
1,1,1,1,1,0,0.02,-0.32,0.90,-3948.36,-664.31,576.40,0
1,1,1,1,1,0,0.24,0.26,0.95,-6941.13,1257.02,278.56,0
1,1,1,1,1,0,0.19,0.45,0.61,-3712.16,1932.77,571.74,0
1,1,1,1,1,0,0.23,0.57,0.78,1801.43,-646.30,46.18,0
1,1,1,1,1,0,0.20,0.45,0.74,2955.92,-879.95,-148.50,0
1,1,1,1,1,0,0.12,0.27,0.92,3474.49,-816.62,257.38,0
1,1,1,1,1,0,-0.00,-0.10,0.87,4092.19,-484.89,1067.22,0
1,1,1,1,1,0,0.12,-0.15,0.91,1291.97,160.57,407.78,6
1,1,1,1,1,0,0.05,-0.25,1.07,-696.51,1131.61,-253.78,0
1,1,1,1,1,0,0.13,-0.18,1.06,-666.00,4757.98,99.77,6
1,1,1,1,1,1,0.68,-0.03,0.35,-883.98,3680.81,802.21,0
1,1,1,1,1,1,0.79,0.20,0.87,-25.84,-1304.47,-83.04,0
1,1,1,1,1,0,0.53,-0.13,0.74,4321.39,-1988.90,-3526.60,0
1,1,1,1,1,0,0.30,-0.52,0.63,5181.86,-462.86,-2477.18,0
1,1,0,1,1,1,0.22,-0.78,0.42,1125.26,-111.42,-369.65,0
1,1,0,1,1,1,0.29,-0.65,0.46,-3105.05,-384.69,1860.74,0
1,1,1,1,1,1,0.46,-0.19,0.62,-6941.13,-1155.55,2660.84,0
1,1,1,1,1,0,0.39,0.20,1.08,-5249.86,-31.14,791.62,0
1,1,1,1,1,0,0.44,0.44,0.90,577.03,59.31,27.33,0
1,1,1,1,1,0,0.33,0.26,0.77,76.05,-476.20,-57.62,0
1,1,1,1,1,0,0.29,0.33,0.39,-4265.26,-294.24,852.63,0
1,1,1,1,1,0,0.22,0.68,0.63,-1307.43,-365.62,740.14,0
1,0,1,1,1,0,0.25,0.65,0.67,4333.05,-241.70,-613.04,0
1,1,1,1,1,0,0.25,0.32,0.90,5267.44,-92.78,-296.78,0
1,1,1,1,1,0,0.22,-0.05,0.78,1416.74,-907.07,-427.48,0
1,1,1,1,1,0,0.02,0.00,0.72,-30.72,-4259.54,-381.09,0
1,1,1,1,1,0,-0.14,-0.08,0.99,-430.02,-4597.63,286.61,0
1,1,1,0,1,0,-0.56,0.02,0.90,376.43,840.98,450.36,0
1,1,1,1,1,0,-0.28,0.03,0.91,432.35,3758.55,-491.24,0
1,1,1,1,1,0,-0.03,-0.01,0.95,390.20,2397.95,-157.60,0
1,1,1,1,1,0,0.01,0.01,1.01,188.74,2121.30,832.50,0
1,1,1,1,1,0,0.09,-0.00,1.00,211.41,4132.86,828.27,6
1,1,1,1,1,1,0.43,0.11,0.63,-470.69,6941.35,882.50,0
1,1,1,1,0,1,0.95,0.25,0.33,-20.76,-24.36,87.49,5
1,1,1,1,0,1,0.95,0.17,0.18,296.78,-1867.94,-1004.94,5
1,1,1,1,1,0,0.48,0.02,0.93,1946.96,-3330.23,-3235.11,0
1,1,1,1,1,0,0.47,-0.44,0.76,4079.69,-2270.64,-3301.42,0
1,1,0,1,1,1,0.26,-0.72,0.71,2319.78,-519.84,-1069.12,0
1,1,0,1,1,1,0.18,-0.55,0.51,-3148.05,179.42,2271.06,0
1,1,1,1,1,0,0.35,-0.22,0.66,-4089.65,-1200.67,1617.77,0
1,1,1,1,1,0,0.33,0.02,1.03,-674.05,-1370.77,-177.30,0
1,1,1,1,1,0,0.24,-0.07,0.85,-3353.53,-44.91,1251.30,0
1,1,1,1,1,0,0.31,0.36,0.83,-5439.66,1529.01,2435.02,0
1,0,1,1,1,0,0.28,0.76,0.84,879.74,-1240.71,108.88,0
1,1,1,1,1,0,0.16,0.39,0.70,6006.74,-1958.61,-1914.12,0
1,1,1,1,1,0,0.11,-0.15,1.05,3402.25,-806.87,-543.14,6
1,1,1,1,1,0,0.08,-0.13,0.63,-900.93,-2573.14,356.52,0
1,1,1,1,1,0,-0.25,0.04,0.93,-644.18,-5236.73,381.51,0
1,1,1,0,1,0,-0.59,0.01,0.91,746.71,411.80,173.28,0
1,1,1,0,1,0,-0.38,-0.06,1.04,1136.70,3921.24,102.74,0
1,1,1,1,1,0,0.10,0.03,0.81,1638.32,2724.81,-430.23,0
1,1,1,1,1,0,0.17,-0.12,0.89,3640.99,-267.12,-1473.51,0
1,1,1,1,1,1,-0.12,-0.60,0.62,4076.30,-167.98,-1087.55,0
1,1,0,1,1,1,-0.15,-0.80,0.43,-2258.56,600.12,1355.52,0
1,1,1,1,1,0,0.25,-0.21,0.92,-4981.89,227.72,914.48,0
1,1,1,1,1,0,0.07,-0.01,1.00,-1790.20,242.76,109.52,6
1,1,1,1,1,0,0.04,-0.09,0.90,-2379.31,604.78,537.84,6
1,1,1,1,1,0,0.20,0.31,0.82,-4977.23,629.78,1332.85,0
1,0,1,1,1,0,0.03,0.76,0.78,-461.58,-1090.52,45.12,2
1,1,1,1,1,0,0.11,0.37,0.65,5212.36,-345.71,-1300.02,0
1,1,1,1,1,0,0.10,-0.00,1.07,3491.64,533.82,599.70,6
1,1,1,1,1,0,0.09,-0.02,1.13,-3101.02,5029.76,1601.88,6
1,1,1,1,1,1,0.53,0.24,0.35,-1708.22,2216.41,567.92,0
1,1,1,1,1,0,0.57,0.35,0.45,1413.14,-2302.63,-655.20,0
1,1,1,1,1,0,0.09,0.21,0.76,3364.33,-5467.20,-1561.63,0
1,1,1,1,1,0,0.10,0.09,1.44,2162.82,-765.56,106.76,0
1,1,1,1,1,0,-0.07,-0.19,1.15,3994.75,2434.39,-675.32,0
1,1,1,1,1,1,0.21,-0.27,0.43,3863.20,4660.54,-999.85,0
1,1,0,1,0,1,0.55,-0.53,0.43,-137.90,199.12,253.14,0
1,1,0,1,0,1,0.38,-0.36,0.48,-4109.56,-2957.83,1206.39,0
1,1,1,1,1,0,0.09,-0.14,0.99,-4320.55,-2630.33,165.44,6
1,1,1,1,1,0,0.06,0.01,1.02,-1851.00,-33.05,570.47,0
1,1,1,1,1,0,0.15,0.14,0.76,-3558.16,-2526.96,1693.18,0
1,1,1,1,1,1,-0.40,0.59,1.13,-2341.60,-2425.91,1720.30,0
1,0,1,1,1,0,-0.32,0.49,0.59,2955.28,2539.03,-1462.07,0
1,1,1,1,1,0,0.11,0.30,0.77,3089.59,4889.11,-1607.60,0
1,1,1,1,1,0,0.38,0.05,0.80,803.27,578.94,-395.92,0
1,1,1,1,1,0,0.40,0.16,0.83,1168.47,252.93,-443.37,0

1,1,1,1,1,0,0.22,-0.09,0.60,4733.41,-4092.19,-1719.66,0
1,1,1,1,1,0,-0.12,-0.36,0.75,3758.55,-1436.65,-419.43,0
1,1,0,1,1,0,-0.08,-0.55,0.68,-668.33,844.15,352.28,0
1,1,1,1,1,0,0.03,-0.27,0.68,-3238.08,-456.50,215.86,0
1,1,1,1,1,0,0.02,-0.09,0.95,-1920.48,-64.82,651.39,6
1,1,1,1,1,0,-0.04,-0.04,1.13,-1747.41,2629.06,508.19,0
1,1,1,1,1,0,0.28,0.04,0.80,-1978.10,5933.02,731.46,0
1,1,1,1,1,1,0.64,0.33,0.51,-117.78,-293.18,430.02,0
1,1,1,1,1,0,0.52,0.34,0.71,1667.97,-736.54,-637.83,0
1,1,1,1,1,0,0.41,0.15,1.04,4411.21,1068.49,-2321.90,0
1,1,1,1,1,1,0.62,-0.36,0.37,3936.71,1463.13,-1856.08,0
1,1,0,1,0,1,0.52,-0.56,0.55,-781.45,59.10,386.38,0
1,1,1,1,0,1,0.51,-0.36,0.54,-1570.95,-1501.05,793.10,0
1,1,1,1,1,0,0.43,-0.21,0.63,-3209.06,-1208.93,1924.08,0
1,1,1,1,1,0,0.48,0.21,0.92,-5000.32,-1352.77,2755.31,0
1,1,1,1,1,0,0.34,0.55,0.88,-406.08,-643.97,566.23,0
1,1,1,1,1,0,0.34,0.45,0.81,1573.28,299.11,-612.83,0
1,1,1,1,1,0,0.36,0.28,0.78,2857.42,-98.71,-1112.34,0
1,1,1,1,1,0,0.29,0.11,0.77,4819.41,-785.48,-2209.63,0
1,1,1,1,1,0,0.19,-0.39,0.68,5370.18,-97.44,-1303.20,0
1,1,0,1,1,0,0.20,-0.54,0.54,-706.89,-641.43,193.40,0
1,1,0,1,1,0,0.21,-0.42,0.66,-2360.88,-956.00,518.36,0
1,1,1,1,1,0,0.18,-0.21,0.88,-2909.95,-647.79,640.58,0
1,1,1,1,1,0,0.29,0.20,0.80,-5857.82,99.14,954.31,0
1,1,1,1,1,0,0.11,0.38,0.92,-1951.19,660.50,182.81,0
1,1,1,1,1,0,0.23,0.46,0.91,1882.98,-110.58,-172.86,0
1,1,1,1,1,0,0.15,0.31,0.94,1980.00,1116.57,-657.11,0
1,1,1,1,1,0,0.25,0.14,0.81,1496.60,1552.10,-721.72,0
1,1,1,1,1,0,0.53,0.18,0.88,1225.67,6124.52,-374.10,0
1,1,1,1,0,1,0.83,-0.08,0.45,109.73,-1785.75,-126.25,5
1,1,1,1,1,1,0.45,0.00,0.57,-62.49,-3552.23,100.41,0
1,1,1,1,1,0,0.24,-0.02,0.82,364.35,-3542.48,186.41,0
1,1,1,1,1,0,0.08,0.02,0.61,-71.81,-4186.88,49.78,0
1,1,1,1,1,0,-0.30,-0.03,1.14,210.14,-1052.60,79.01,0
1,1,1,1,1,0,-0.16,0.02,1.01,782.51,529.37,-165.87,0
1,1,1,1,1,0,-0.12,-0.01,0.97,2988.54,847.12,-359.06,0
1,1,1,1,1,0,0.01,-0.28,0.76,4591.06,1158.52,-524.29,0
1,1,0,1,1,1,-0.06,-0.66,0.56,2417.44,-133.88,-491.45,0
1,1,0,1,1,0,-0.09,-0.59,0.64,-1470.97,182.18,295.51,0
1,1,0,1,1,0,0.00,-0.43,0.77,-3606.03,255.05,793.74,0
1,1,1,1,1,0,0.12,-0.15,0.82,-4490.86,1260.62,492.72,0
1,1,1,1,1,0,0.26,0.38,1.04,-4120.79,2421.68,1204.27,0
1,1,1,1,1,0,0.20,0.42,0.87,872.96,-922.53,-157.18,0
1,1,1,1,1,0,0.22,0.27,0.83,535.30,466.46,72.45,0
1,1,1,1,1,0,0.13,0.34,1.04,1232.02,960.03,-550.55,0
1,1,1,1,1,0,0.30,0.15,0.88,1783.42,4760.74,-1309.34,0
1,1,1,1,0,1,0.69,-0.10,0.33,594.40,-1074.63,-202.72,5
1,1,1,1,1,0,0.49,0.03,0.65,101.89,-1240.71,22.03,0
1,1,1,1,1,0,0.33,0.10,0.87,119.47,-2508.53,212.89,0
1,1,1,1,1,0,-0.01,0.02,0.75,-348.47,-6941.13,94.48,0
1,1,1,0,1,0,-0.40,0.16,1.10,434.68,-1497.45,269.66,0
1,1,1,1,1,0,-0.22,0.05,0.83,476.62,-59.74,-92.36,0
1,1,1,1,1,0,-0.29,0.01,0.80,-319.23,135.36,-129.01,0
1,1,1,1,1,0,-0.19,0.08,0.80,-3697.76,2439.26,433.20,0
1,1,1,1,1,0,-0.03,0.59,0.64,-5219.36,2580.76,932.70,0
1,0,1,1,1,0,-0.05,0.69,0.86,-181.12,-253.14,-298.26,0
1,1,1,1,1,0,-0.01,0.63,0.62,1699.33,151.46,-484.46,0
1,1,1,1,1,0,-0.01,0.49,0.85,4363.97,213.95,-816.83,0
1,1,1,1,1,0,0.15,0.17,0.84,6047.20,2239.50,-835.68,0
1,1,1,1,1,0,0.26,-0.32,0.62,3189.78,539.54,-618.13,0
1,1,1,1,1,0,0.24,-0.27,0.95,-1202.15,18.01,204.00,0
1,1,1,1,1,0,0.26,-0.16,0.92,-364.78,416.25,63.76,0
1,1,1,1,1,0,0.26,-0.22,0.97,1029.51,2827.97,-670.03,0
1,1,1,1,1,1,0.43,-0.36,0.58,1806.94,2625.46,-898.17,0
1,1,1,1,1,1,0.60,-0.36,0.65,-32.83,-571.10,50.84,0
1,1,1,1,1,0,0.53,-0.35,0.65,-29.66,-193.62,188.96,0
1,1,1,1,1,0,0.53,-0.36,0.66,-36.01,-313.09,216.07,0
1,1,1,1,0,1,0.41,-0.30,0.54,-1160.42,-3440.80,838.44,0
1,1,1,1,1,0,0.11,-0.05,0.94,-2605.12,-5730.51,231.96,6
1,1,1,1,1,0,-0.28,0.05,1.13,-1148.98,-1266.97,-269.03,0
1,1,1,1,1,0,-0.21,0.09,0.89,123.50,228.57,94.05,0
1,1,1,1,1,0,-0.13,0.08,0.91,1125.26,-116.30,-120.32,0
1,1,1,1,1,0,-0.14,-0.10,0.91,3780.59,-720.23,-469.00,0
1,1,1,1,1,0,-0.25,-0.36,0.67,3993.27,-527.68,248.48,0
1,1,0,1,1,0,-0.33,-0.48,0.68,225.18,-72.45,21.61,0
1,1,1,1,1,0,-0.18,-0.44,0.76,-616.01,41.52,-121.17,0
1,1,1,1,1,0,-0.22,-0.39,0.77,-1220.58,1066.16,232.38,0
1,1,1,1,1,0,-0.09,-0.27,0.87,-3027.31,3497.36,754.97,0
1,1,1,1,1,0,0.24,0.08,0.81,-4030.76,4988.88,1251.93,0
1,1,1,1,1,0,0.45,0.34,0.71,-1105.77,-503.95,679.14,0
1,1,1,1,1,0,0.35,0.26,0.84,977.40,59.10,-32.62,0
1,1,1,1,1,0,0.37,0.15,0.79,-333.64,-362.87,222.21,0
1,1,1,1,1,0,0.27,0.24,0.64,-2142.06,-835.05,1781.52,0
1,1,1,1,1,0,0.25,0.50,0.81,-2052.45,-1717.75,1438.98,0
1,1,1,1,1,0,0.07,0.65,0.72,63.76,-116.08,-177.09,0
1,1,1,1,1,0,0.13,0.56,0.74,857.08,287.67,-407.57,0
1,1,1,1,1,0,0.12,0.51,0.84,2772.05,-174.34,-872.96,0
1,1,1,1,1,0,0.12,0.25,0.78,5947.21,-861.74,-1751.65,0
1,1,1,1,1,0,0.19,-0.07,0.79,6077.07,348.47,-1198.34,0
1,1,0,1,1,1,0.06,-0.54,0.57,1040.31,-33.47,-300.80,0
1,1,1,1,1,0,0.12,-0.42,0.82,-1053.02,-154.21,-31.99,0
1,1,1,1,1,0,0.13,-0.38,0.80,-248.48,31.99,77.11,0
1,1,1,1,1,0,0.16,-0.35,0.89,-788.44,543.78,458.19,0
1,1,1,1,1,0,0.18,-0.29,0.92,-874.87,2596.65,636.13,0
1,1,1,1,1,0,0.42,-0.11,0.96,-1562.69,4523.48,1419.71,0
1,1,1,1,0,1,0.76,0.02,0.28,-687.40,443.58,703.92,5
1,1,1,1,1,0,0.61,-0.02,0.74,312.24,-166.08,-287.25,0
1,1,1,1,1,0,0.59,-0.07,0.65,283.22,-1132.46,-254.20,0
1,1,1,1,1,0,0.41,-0.04,0.64,-554.58,-3131.95,154.21,0
1,1,1,1,1,0,0.11,0.05,0.86,-239.37,-5914.59,-202.09,0
1,1,1,1,1,0,-0.26,0.09,1.10,589.32,-2336.52,-363.29,0
1,1,1,1,1,0,-0.22,-0.03,0.85,496.11,478.32,-99.14,0
1,1,1,1,1,0,-0.17,-0.05,0.84,99.77,-12.07,-58.89,0
1,1,1,1,1,0,-0.21,0.01,0.82,-1534.73,-309.70,-58.89,0
1,1,1,1,1,0,-0.13,0.09,0.95,-3581.89,288.09,1129.49,0
1,1,1,1,1,0,0.04,0.52,0.82,-3652.21,2082.11,1269.09,0
1,1,1,1,1,0,-0.09,0.59,0.84,-371.13,-855.17,-71.39,0
1,1,1,1,1,0,-0.16,0.55,0.73,890.12,-38.55,-128.16,0
1,1,1,1,1,0,-0.15,0.50,0.80,3701.57,-623.42,-628.72,0
1,1,1,1,1,0,-0.12,0.16,0.86,6664.48,-163.96,-529.16,0
1,1,1,1,1,0,-0.11,-0.19,0.69,4229.46,1611.41,478.74,0
1,1,1,1,1,0,-0.08,-0.30,0.84,-819.79,-638.68,-50.84,0
1,1,1,1,1,0,-0.12,-0.33,0.78,-152.10,-548.44,-302.07,0
1,1,1,1,1,0,-0.15,-0.21,0.76,-2172.98,-168.20,192.56,0
1,1,1,1,1,0,-0.01,0.05,0.87,-4562.04,2385.45,510.94,0
1,1,1,1,1,0,0.04,0.24,0.81,-3682.08,832.72,-12.50,0
1,1,1,1,1,0,0.09,0.53,0.83,-575.76,-256.11,25.63,0
1,1,1,1,1,0,0.06,0.49,0.79,527.89,101.04,-174.55,0
1,1,1,1,1,0,0.07,0.47,0.86,1230.33,-174.13,-38.34,0

1,1,1,1,1,0,0.02,0.38,0.91,4078.00,-399.94,-493.99,0
1,1,1,1,1,0,0.12,0.18,0.77,6443.75,567.71,-910.25,0
1,1,1,1,1,0,0.02,-0.25,0.68,1189.65,-509.67,110.79,0
1,1,1,1,1,0,0.05,-0.25,0.89,-1308.07,125.83,-43.00,0
1,1,1,1,1,0,0.05,-0.22,0.95,-450.15,-54.44,-117.99,0
1,1,1,1,1,0,-0.05,-0.25,0.93,-701.17,1327.56,825.94,0
1,1,1,1,1,0,0.16,-0.04,0.97,-921.26,5145.43,1114.67,6
1,1,1,1,1,1,0.43,-0.06,0.12,-837.80,4327.54,635.92,0
1,1,1,1,1,0,0.72,0.06,0.87,184.93,-929.31,-200.18,0
1,1,1,1,1,0,0.62,0.02,0.69,344.65,-378.12,-219.25,0
1,1,1,1,1,0,0.60,0.00,0.64,260.77,-894.99,-289.58,0
1,1,1,1,1,0,0.35,0.05,0.65,-31.35,-5067.89,-728.07,0
1,1,1,1,1,0,-0.03,0.01,1.08,-359.27,-6941.13,-167.14,0
1,1,1,0,1,0,-0.28,0.12,1.04,160.99,-858.35,-240.85,0
1,1,1,0,1,0,-0.30,0.02,0.87,217.55,340.63,34.32,0
1,1,1,1,1,0,-0.27,0.02,0.92,152.73,668.97,194.25,0
1,1,1,0,1,0,-0.22,0.09,1.00,45.12,3383.19,639.95,0
1,1,1,1,1,0,0.06,0.14,0.94,205.69,5892.56,-344.23,0
1,1,1,1,1,1,0.44,0.00,0.32,647.79,2982.19,12.92,0
1,1,1,1,1,1,0.49,0.06,0.95,158.66,-890.97,113.12,0
1,1,1,1,1,0,0.46,0.04,0.65,168.62,-692.27,-27.54,0
1,1,1,1,1,0,0.32,0.05,0.63,-13.77,-3485.71,-181.75,0
1,1,1,1,1,0,-0.06,0.06,0.83,657.32,-5046.71,-204.00,0
1,1,1,1,1,0,-0.18,0.06,1.18,502.04,-1566.93,175.61,0
1,1,1,1,1,0,-0.27,0.07,0.81,75.41,366.05,-61.22,0
1,1,1,1,1,0,-0.22,0.03,0.82,54.44,-15.68,-130.49,0
1,1,1,1,1,0,-0.23,0.06,0.86,220.31,9.11,45.76,0
1,1,1,1,1,0,-0.19,-0.01,1.04,2624.40,136.63,-143.62,0
1,1,1,1,1,0,-0.12,-0.23,0.84,4725.36,1709.70,184.93,0
1,1,0,1,1,0,-0.13,-0.47,0.62,1943.78,240.01,-82.83,0
1,1,0,1,1,0,-0.09,-0.52,0.68,-450.57,-29.66,87.28,0
1,1,0,1,1,0,-0.09,-0.40,0.63,-1515.24,-206.33,136.00,0
1,1,1,1,1,0,-0.10,-0.20,0.80,-4859.45,-31.14,374.31,0
1,1,1,1,1,0,-0.04,0.14,0.87,-5080.39,59.95,309.49,0
1,1,1,1,1,0,-0.11,0.31,0.83,-625.75,659.01,140.23,0
1,1,1,1,1,0,-0.04,0.35,0.91,522.59,77.53,-60.80,0
1,1,1,1,1,0,0.04,0.31,0.99,1706.74,743.53,-692.27,0
1,1,1,1,1,0,0.10,0.20,0.94,3176.23,2721.63,-1516.51,0
1,1,1,1,1,0,0.06,-0.33,0.53,3472.37,2926.47,-1076.32,0
1,1,1,1,1,1,0.44,-0.17,0.99,-558.39,-364.99,643.34,0
1,1,1,1,1,0,0.36,-0.10,0.80,-288.73,-483.40,36.01,0
1,1,1,1,1,0,0.31,-0.08,0.77,-592.29,-870.21,228.14,0
1,1,1,1,1,0,0.06,0.16,0.89,-3515.58,-4087.32,1314.85,0
1,1,1,1,1,0,0.02,0.33,1.16,-1627.73,-2691.55,51.90,0
1,1,1,1,1,0,-0.25,0.32,0.76,492.94,254.62,57.62,0
1,1,1,1,1,0,-0.15,0.28,0.94,1466.94,127.10,-85.37,0
1,1,1,1,1,0,-0.24,0.10,0.82,4276.49,-1049.63,45.97,0
1,1,1,1,1,0,-0.15,-0.28,0.96,4866.23,-1619.68,489.33,0
1,1,1,1,1,0,-0.30,-0.39,0.61,658.17,421.55,378.33,0
1,1,1,1,1,0,-0.21,-0.37,0.82,-1073.15,1114.88,205.05,0
1,1,1,1,1,0,-0.12,-0.35,0.91,-2004.15,2642.62,728.28,0
1,1,1,1,1,0,0.09,-0.11,1.04,-2610.63,5224.23,1451.48,6
1,1,1,1,1,1,0.46,0.03,0.38,-855.38,699.90,775.31,0
1,1,1,1,1,0,0.39,0.09,1.00,198.91,210.56,-41.94,0
1,1,1,1,1,0,0.40,0.00,0.91,-724.68,779.97,938.42,0
1,1,1,1,1,0,0.47,0.20,0.81,-1603.58,2854.87,900.08,0
1,1,1,1,1,0,0.60,0.32,0.50,-235.98,817.89,250.81,0
1,1,1,1,1,0,0.68,0.34,0.66,298.90,130.70,-158.24,0
1,1,1,1,1,0,0.63,0.34,0.71,2110.28,-843.94,-1949.71,0
1,1,1,1,1,0,0.50,-0.07,0.73,3516.43,14.83,-1679.62,0
1,1,1,1,0,0,0.64,-0.25,0.65,1273.12,889.49,-355.46,0
1,1,1,1,0,0,0.65,-0.26,0.58,-229.84,126.04,215.43,0
1,1,1,1,0,0,0.65,-0.16,0.68,-1655.48,-406.72,1357.64,0
1,1,1,1,1,0,0.62,-0.05,0.84,-3091.28,271.36,2705.11,0
1,1,1,1,1,0,0.65,0.39,0.51,-802.21,233.23,720.44,0
1,1,1,1,1,0,0.64,0.39,0.74,368.59,9.96,-356.52,0
1,1,1,1,1,0,0.65,0.43,0.68,1289.22,199.97,-1648.49,0
1,1,1,1,1,0,0.66,0.12,0.49,3433.39,-65.46,-3261.59,0
1,1,1,1,0,0,0.64,-0.44,0.69,1666.49,-524.92,-1360.60,0
1,1,1,1,0,0,0.68,-0.24,0.62,65.67,-88.55,108.03,0
1,1,1,1,0,1,0.66,-0.14,0.44,689.94,-3456.06,-2078.29,0
1,1,1,1,1,0,0.25,-0.48,1.00,863.22,-1489.19,-1589.81,0
1,1,1,1,1,0,0.26,-0.47,0.88,522.17,208.02,-38.34,0
1,1,1,1,1,0,0.33,-0.46,0.81,211.62,-257.80,-83.25,0
1,1,1,1,1,0,0.17,-0.33,0.59,-2093.97,-3312.86,621.52,0
1,1,1,1,1,0,0.03,-0.11,0.85,-2678.21,-4072.91,-219.67,6
1,1,1,1,1,0,-0.24,-0.11,0.96,248.69,-393.16,-237.89,0
1,1,1,1,1,0,-0.21,-0.13,0.96,732.94,-384.27,47.66,0
1,1,1,1,1,0,-0.22,-0.11,0.77,-1196.65,-796.28,305.04,0
1,1,1,1,1,0,-0.28,0.00,0.70,-3716.40,-187.47,1272.27,0
1,1,1,1,1,0,-0.14,0.30,0.95,-1826.64,-883.77,818.73,0
1,1,1,1,1,0,-0.35,0.28,0.88,1331.58,-126.46,66.52,0
1,1,1,1,1,0,-0.36,0.19,0.72,-30.08,-969.98,36.01,0
1,1,1,1,1,0,-0.35,0.21,0.73,-3363.49,-1120.81,46.82,0
1,0,1,1,1,0,-0.45,0.40,0.34,-2187.60,439.55,-163.75,0
1,0,1,1,1,0,-0.48,0.50,0.73,1151.95,179.00,412.23,0
1,0,1,1,1,0,-0.48,0.33,0.65,4301.27,-1262.53,503.53,0
1,1,1,0,1,0,-0.38,0.20,0.66,4205.10,-1130.13,568.77,0
1,1,1,1,1,0,-0.59,-0.21,0.62,439.34,322.41,-90.03,0
1,1,1,0,1,0,-0.55,-0.09,0.95,595.89,891.61,-93.21,0
1,1,1,0,1,0,-0.36,-0.19,0.89,3662.81,4128.84,301.86,0
1,1,1,1,1,0,-0.22,-0.30,0.56,3357.77,2153.71,558.18,0
1,1,0,1,1,0,-0.09,-0.54,0.80,75.41,13.77,-185.99,0
1,1,1,1,1,0,-0.11,-0.53,0.77,-554.58,876.78,223.27,0
1,1,1,1,1,0,-0.02,-0.44,0.67,412.86,3289.98,693.12,0
1,1,1,1,1,0,0.26,-0.46,0.79,1121.66,-588.47,-291.48,0
1,1,1,1,1,0,0.14,-0.61,0.74,-55.92,754.76,-267.97,0
1,1,1,1,1,0,0.22,-0.49,0.82,-1460.80,1937.43,659.86,0
1,1,1,1,1,0,0.34,-0.29,0.63,-1436.02,3839.05,723.41,0
1,1,1,1,0,1,0.60,-0.24,0.58,-372.40,-58.47,192.56,0
1,1,1,1,1,0,0.59,-0.24,0.81,-83.89,366.89,-72.45,0
1,1,1,1,1,0,0.58,-0.31,0.66,-770.23,343.38,684.43,0
1,1,1,1,1,0,0.60,-0.11,0.73,-1484.31,692.27,1699.96,0
1,1,1,1,1,0,0.65,0.10,0.64,-1570.32,1135.85,1388.78,0
1,1,1,1,1,0,0.75,0.21,0.62,166.50,-100.83,-68.42,0
1,1,1,1,1,0,0.69,0.06,0.64,16.31,-257.38,39.61,0
1,1,1,1,1,0,0.54,0.12,0.52,-1842.74,-1673.48,2351.35,0
1,1,1,1,1,0,0.59,0.45,0.77,-1513.76,-1080.14,2153.28,0
1,1,1,1,1,0,0.45,0.56,0.78,-202.30,-405.87,313.94,0
1,1,1,1,1,0,0.42,0.65,0.70,672.99,-242.97,-257.38,0
1,1,1,1,1,0,0.33,0.44,0.59,1888.28,-2133.79,-1579.64,0
1,1,1,1,1,0,0.18,0.19,0.75,878.90,-4104.48,938.21,0
1,1,1,1,1,0,-0.03,0.40,0.91,-374.94,-1000.49,738.45,0
1,1,1,1,1,0,-0.11,0.38,0.91,-514.12,-350.37,137.90,0
1,1,1,1,1,0,-0.10,0.38,0.86,680.62,12.71,-223.48,0
1,1,1,1,1,0,-0.10,0.29,0.70,3606.46,-964.26,-1248.97,0
1,1,1,1,1,0,-0.12,-0.12,0.76,4385.79,-2610.42,-777.85,0
1,1,1,1,1,0,-0.24,-0.19,0.83,287.03,928.68,436.59,0
1,1,1,1,1,0,-0.21,-0.14,0.98,-743.53,-134.09,481.71,0

